{"epoch": 2, "train_loss": 2.2840778827667236, "valid_loss": 1.639538049697876, "epoch_time": 377.7029507160187, "_runtime": 740, "_timestamp": 1621707976, "_step": 1}