{"epoch": 2, "train_loss": 7.708634614944458, "valid_loss": 6.533160209655762, "epoch_time": 3.367034673690796, "_step": 1, "_runtime": 11, "_timestamp": 1621893990}