{"epoch": 2, "train_loss": 8.390631993611654, "valid_loss": 7.756340503692627, "epoch_time": 1.7907421588897705, "_step": 1, "_runtime": 8, "_timestamp": 1621898115}