{"epoch": 2, "train_loss": 1.6067379713058472, "valid_loss": 1.345933198928833, "epoch_time": 152.92582368850708, "_runtime": 1052, "_timestamp": 1621709182, "_step": 2, "test_f_fra": 0.6940466061896119, "test_f_tab": 1.0, "test_f_att": 0.3514102130117167, "test_f_fun": 1.0, "test_f_lit": NaN, "test_time": 742.3434519767761, "test_size": 452}