{"epoch": 2, "train_loss": 3.0918220806121828, "valid_loss": 2.393033640725272, "epoch_time": 3.065635919570923, "_step": 1, "_runtime": 11, "_timestamp": 1621899866}