{"epoch": 2, "train_loss": 2.632646083831787, "valid_loss": 2.0079076290130615, "epoch_time": 6.500946283340454, "_step": 1, "_runtime": 18, "_timestamp": 1621894719}