{"epoch": 2, "train_loss": 1.0459171117842196, "valid_loss": 1.1106088346448437, "epoch_time": 10.281610488891602, "_step": 1, "_runtime": 25, "_timestamp": 1621894009}